"ID","MRN","TN","Lastnm","Firstnm","MiddleI","DOB","Age","Sex","Race","Weight","Meds","Allergy","PMHx","PSHx","FHX","PMD","Address","City","State","Zipcode","Phone","Momnm","Dadnm","Guardnm","Consent","Random","Injury","IEcode","Imech","IAssoc","AIS","ISS","GCS","Prism12","Prism24","CTfind","CTDG","Rads","DOA","Asource","DODPICU","DODCHOP","Dsource","DODth","LOS","DOE","LOI","NSurg","NSDate","NSurg2","NSDate2","Surg","SDate","Comp","POPCd/c","PCPCd/c","Id/c","POPC3","PCPC3","I3","POPC6","PCPC6","I6"
1,11111,101,"Smith","John","R",1/1/1991 0:00:00,999.00,1,999,40.00,"none","NKDA","premee","broviac","n/c","Zwolway","1111 Tuliup Way","Philadelphia","PA",19104,"213-456-4565","Kristen Kane","Smith",,1/1/2001 0:00:00,1/1/2001 0:00:00,1/1/2001 0:00:00,860.30,"MVC","Splenic injury",15,34,8,999,999,,999,,,2,,,999,,999,,999,,,,,,,,999,999,,999,999,,999,999,
2,22222,201,"Jones","Sally","A",2/2/1992 0:00:00,999.00,2,999,35.00,"none","NKDA","none","none","n/c","Brown","12 Glenside Drive","Chestnut Hill","PA",19117,"214-567-4357","Yolanda Yeats","Jones",,2/2/2001 0:00:00,2/2/2001 0:00:00,2/2/2001 0:00:00,860.50,"Fell out of window","None",5,32,4,999,999,,999,,,999,,,999,,999,,999,,,,,,,,999,999,,999,999,,999,999,
3,33333,301,"Williams","Micheal","S",3/3/1993 0:00:00,999.00,1,999,30.00,"none","NKDA","none","none","n/c","Metzer","13 Peach Terrace","Vineland","NJ",20345,"345-786-3245","Barbara Bower","Williams",,3/3/2001 0:00:00,3/3/2001 0:00:00,3/3/2001 0:00:00,860.20,"Hit with bat","Cspine fracture",5,23,4,999,999,,999,,,999,,,999,,999,,999,,,,,,,,999,999,,999,999,,999,999,
4,44444,401,"Brown","James","L",4/4/1994 0:00:00,999.00,1,999,25.00,"ventolin","NKDA","none","none","n/c","Growley","1414 Red Circle","Cherry Hill","NJ",20435,"555-678-4356"," Jill Brown","Brown",,4/4/2001 0:00:00,4/4/2001 0:00:00,4/4/2001 0:00:00,860.30,"MVC","Liver & Splenic laceration",13,12,4,999,999,,999,,,999,,,999,,999,,999,,,,,,,,999,999,,999,999,,999,999,
5,55555,501,"Johnson","Bobby","T",5/5/1995 0:00:00,999.00,1,999,20.00,"none","NKDA","none","appendectomy","n/c","Painful","15 Fox Run","Wilmington","DE",12365,"444-888-6543","Tiera Johnson","Johnson",,5/5/2001 0:00:00,5/5/2001 0:00:00,5/5/2001 0:00:00,860.30,"MVC","Diaphragmatic rupture",15,34,3,999,999,,999,,,999,,,999,,999,,999,,,,,,,,999,999,,999,999,,999,999,
999,999,999,,,,,999.00,999,999,,,,,,,,,,,999,,,,,,,,999.00,,,999,999,999,999,999,,999,,,999,,,999,,999,,999,,,,,,,,999,999,,999,999,,999,999,
